Game	Nhóm	Tên case	URL test	Mục đích kiểm tra	Bối cảnh (bộ bài / hành động)	Log đêm mong đợi	Kết quả mong đợi trên UI
Ma Sói Một Đêm	Phase UI	Xem bài	http://localhost:3000/debug-wolf?phase=card_reveal	Màn lật bài riêng: kéo mở lá, nút OK, danh sách người đã xác nhận.	5 người chơi, mình là Tiên Tri. Yun và Trí đã bấm OK.	Không có log (chưa vào đêm).	Header chỉ có tên phase, không nền. Lá bài úp, kéo lên để mở. Nút "OK, tôi đã xem bài".
Ma Sói Một Đêm	Phase UI	Ban đêm	http://localhost:3000/debug-wolf?phase=night	Lượt đêm của Tiên Tri: picker chọn lá giữa bàn tối đa 2 lá.	Đến lượt mình (Tiên Tri), chưa chọn gì.	Không có log (đang trong đêm).	Hiện "CHỌN LÁ GIỮA BÀN" với 3 lá. Không có picker người chơi.
Ma Sói Một Đêm	Phase UI	Xem lại kết quả	http://localhost:3000/debug-wolf?phase=night_review	Màn xem lại kết quả riêng của mình sau đêm.	Mình là Tiên Tri, đã soi lá giữa 1 và thấy Ma Sói.	Không có log (log chỉ hiện ở phase Kết quả).	Hiện lá đã soi + 2 dòng thông báo. Nút "Xong, vào thảo luận".
Ma Sói Một Đêm	Phase UI	Thảo luận	http://localhost:3000/debug-wolf?phase=discussion	Panel "Vai trò trong ván": 4 lá/hàng, badge số lá góc trên trái, bấm mở modal role.	Deck 7 loại role: Nhân Bản, Ma Sói x2, Tiên Tri, Kẻ Trộm, Kẻ Gây Rối, Mất Ngủ, Dân Làng.	Không có log.	Role xếp theo thứ tự lượt đêm (Copy Cat → Nhân Bản → Ma Sói → ...). Lá bài đứng trần, không khung.
Ma Sói Một Đêm	Phase UI	Bỏ phiếu	http://localhost:3000/debug-wolf?phase=voting	Danh sách bỏ phiếu, hiển thị ai đã vote ai, 3 ô thống kê.	3/5 người đã bỏ phiếu, mình chưa.	Không có log.	Nút "Bỏ qua" + 5 người chơi. Ô thống kê Đã gửi / Bỏ qua / Còn chờ.
Ma Sói Một Đêm	Phase UI	Ban đêm · Sói Tiên Tri đơn	http://localhost:3000/debug-wolf?phase=night&case=werewolf-seer-lone	Kiểm tra luật mới: sói đơn là Sói Tiên Tri thì vừa soi người, vừa xem 1 lá giữa bàn.	Mình là Sói Tiên Tri, không có đồng đội sói.	Không có log (đang trong đêm).	Phải hiện ĐỒNG THỜI "CHỌN NGƯỜI CHƠI" và "CHỌN LÁ GIỮA BÀN". Trước khi fix chỉ có picker người chơi.
Ma Sói Một Đêm	Case luật (Kết quả)	Nhân Bản → Kẻ Trộm	http://localhost:3000/debug-wolf?phase=result&case=doppelganger-robber	Lá Nhân Bản là vật lý: khi bị đổi bài, người nhận cầm lá Nhân Bản chứ không phải lá của chức năng đã copy.	Bộ bài: Nhân Bản, Ma Sói, Ma Sói, Tiên Tri, Kẻ Trộm, Kẻ Gây Rối, Mất Ngủ, Dân Làng. Yun nhân bản Kẻ Trộm rồi đổi bài với Trí. Lá Nhân Bản mang chức năng Kẻ Trộm sang Trí.	1. Yun (Nhân Bản) nhân bản Đại Chúa (Kẻ Trộm)  //  2. Yun (Nhân Bản → Kẻ Trộm) đổi bài với Trí (Ma Sói)  //  3. Trí (Ma Sói) xem lá giữa 1 (Ma Sói)	Không có Ma Sói nào bị treo. Ma Sói thắng.  //  Khánh: Tiên Tri → Tiên Tri  //  Yun: Nhân Bản → Ma Sói  //  Trí: Ma Sói → Nhân Bản [tag Kẻ Trộm]  //  Lan Nè: Dân Làng → Dân Làng  //  Đại Chúa: Kẻ Trộm → Kẻ Trộm
Ma Sói Một Đêm	Case luật (Kết quả)	Nhân Bản → Ma Sói	http://localhost:3000/debug-wolf?phase=result&case=doppelganger-wolf	Nhân Bản copy Ma Sói: thức dậy cùng bầy sói, lá vẫn là Nhân Bản nhưng tính phe theo Ma Sói.	Bộ bài: Nhân Bản, Ma Sói, Tiên Tri, Kẻ Trộm, Kẻ Gây Rối, Mất Ngủ, Dân Làng, Dân Làng. Yun nhân bản Ma Sói của Trí: cả hai thức dậy cùng nhau, lá Yun vẫn là Nhân Bản.	1. Yun (Nhân Bản) nhân bản Trí (Ma Sói)  //  2. Yun (Nhân Bản → Ma Sói) thấy Ma Sói cùng phe: Trí  //  3. Trí (Ma Sói) thấy Ma Sói cùng phe: Yun	Có Ma Sói bị treo. Dân làng thắng.  //  Khánh: Tiên Tri → Tiên Tri  //  Yun: Nhân Bản → Nhân Bản [tag Ma Sói]  //  Trí: Ma Sói → Ma Sói  //  Lan Nè: Dân Làng → Dân Làng  //  Đại Chúa: Dân Làng → Dân Làng
Ma Sói Một Đêm	Case luật (Kết quả)	Copy Cat → Ma Sói	http://localhost:3000/debug-wolf?phase=result&case=copycat-wolf	Copy Cat làm sói đơn ĐƯỢC xem 1 lá giữa bàn; chức năng sói đi theo lá Copy Cat khi bị Kẻ Gây Rối đổi.	Bộ bài: Copy Cat, Ma Sói, Tiên Tri, Kẻ Gây Rối, Mất Ngủ, Dân Làng, Dân Làng, Dân Làng. Yun copy lá Ma Sói giữa bàn, sau đó Đại Chúa (Kẻ Gây Rối) đẩy lá Copy Cat sang Lan Nè.	1. Yun (Copy Cat) copy Ma Sói từ lá giữa 1  //  2. Yun (Copy Cat → Ma Sói) xem lá giữa 3 (Mất Ngủ)  //  3. Đại Chúa (Kẻ Gây Rối) đổi bài của Yun (Copy Cat) với Lan Nè (Dân Làng)	Có Ma Sói bị treo. Dân làng thắng.  //  Khánh: Tiên Tri → Tiên Tri  //  Yun: Copy Cat → Dân Làng  //  Trí: Dân Làng → Dân Làng  //  Lan Nè: Dân Làng → Copy Cat [tag Ma Sói]  //  Đại Chúa: Kẻ Gây Rối → Kẻ Gây Rối
Ma Sói Một Đêm	Case luật (Kết quả)	Copy Cat bị đẩy ra giữa bàn	http://localhost:3000/debug-wolf?phase=result&case=copycat-witch-chain	Chuỗi phức tạp nhất: lá Copy Cat bị đẩy ra giữa bàn rồi được Phù Thuỷ gán cho người khác.	Bộ bài: Copy Cat, Nhân Bản, Ma Sói, Tiên Tri, Phù Thuỷ, Mất Ngủ, Dân Làng, Dân Làng. Yun copy Ma Sói; Trí nhân bản Phù Thuỷ đẩy lá Copy Cat ra giữa; Lan Nè (Phù Thuỷ thật) đưa lá đó cho Đại Chúa.	1. Yun (Copy Cat) copy Ma Sói từ lá giữa 1  //  2. Trí (Nhân Bản) nhân bản Lan Nè (Phù Thuỷ)  //  3. Trí (Nhân Bản → Phù Thuỷ) đổi lá giữa 2 (Dân Làng) với Yun (Copy Cat)  //  4. Yun (Copy Cat → Ma Sói) hoàn tất lượt mà không xem lá giữa bàn  //  5. Lan Nè (Phù Thuỷ) đổi lá giữa 2 (Copy Cat) với Đại Chúa (Dân Làng)	Có Ma Sói bị treo. Dân làng thắng.  //  Khánh: Tiên Tri → Tiên Tri  //  Yun: Copy Cat → Dân Làng  //  Trí: Nhân Bản → Nhân Bản [tag Phù Thuỷ]  //  Lan Nè: Phù Thuỷ → Phù Thuỷ  //  Đại Chúa: Dân Làng → Copy Cat [tag Ma Sói]
Ma Sói Một Đêm	Case luật (Kết quả)	Nhân Bản → Copy Cat	http://localhost:3000/debug-wolf?phase=result&case=doppelganger-copycat	Nhân Bản copy trúng Copy Cat: chỉ ghi log, không nhận chức năng nào.	Bộ bài: Copy Cat, Nhân Bản, Ma Sói, Tiên Tri, Phù Thuỷ, Mất Ngủ, Dân Làng, Dân Làng. Trí nhân bản trúng Copy Cat: chỉ ghi nhận vào log, không nhận chức năng nào.	1. Yun (Copy Cat) copy Ma Sói từ lá giữa 1  //  2. Trí (Nhân Bản) nhân bản Yun (Copy Cat)  //  3. Yun (Copy Cat → Ma Sói) hoàn tất lượt mà không xem lá giữa bàn	Có Ma Sói bị treo. Dân làng thắng.  //  Khánh: Tiên Tri → Tiên Tri  //  Yun: Copy Cat → Copy Cat [tag Ma Sói]  //  Trí: Nhân Bản → Nhân Bản [tag Copy Cat]  //  Lan Nè: Phù Thuỷ → Phù Thuỷ  //  Đại Chúa: Dân Làng → Dân Làng
Ma Sói Một Đêm	Case luật (Kết quả)	Copy Cat → Nhân Bản → Ma Sói	http://localhost:3000/debug-wolf?phase=result&case=copycat-doppelganger-wolf	Copy Cat copy trúng Nhân Bản thì tiếp tục thực hiện chức năng Nhân Bản (lồng 2 tầng).	Bộ bài: Copy Cat, Nhân Bản, Ma Sói, Tiên Tri, Mất Ngủ, Dân Làng, Dân Làng, Dân Làng. Yun copy lá Nhân Bản giữa bàn, rồi dùng nó nhân bản Ma Sói của Trí.	1. Yun (Copy Cat) copy Nhân Bản từ lá giữa 1  //  2. Yun (Copy Cat → Nhân Bản) nhân bản Trí (Ma Sói)  //  3. Yun (Copy Cat → Nhân Bản → Ma Sói) thấy Ma Sói cùng phe: Trí  //  4. Trí (Ma Sói) thấy Ma Sói cùng phe: Yun	Có Ma Sói bị treo. Dân làng thắng.  //  Khánh: Tiên Tri → Tiên Tri  //  Yun: Copy Cat → Copy Cat [tag Ma Sói]  //  Trí: Ma Sói → Ma Sói  //  Lan Nè: Dân Làng → Dân Làng  //  Đại Chúa: Dân Làng → Dân Làng
Ma Sói Một Đêm	Case luật (Kết quả)	Sói Tiên Tri là sói đơn	http://localhost:3000/debug-wolf?phase=result&case=werewolf-seer-lone	Luật mới: Sói Tiên Tri là sói duy nhất thì được xem thêm 1 lá giữa bàn trước khi soi.	Bộ bài: Sói Tiên Tri, Tiên Tri, Kẻ Trộm, Phù Thuỷ, Say Rượu, Kẻ Gây Rối, Dân Làng, Dân Làng. Yun là Ma Sói duy nhất: soi bài Khánh, đồng thời được xem thêm một lá giữa bàn.	1. Yun (Sói Tiên Tri) xem lá giữa 2 (Phù Thuỷ)  //  2. Yun (Sói Tiên Tri) soi Khánh (Tiên Tri)	Có Ma Sói bị treo. Dân làng thắng.  //  Khánh: Tiên Tri → Tiên Tri  //  Yun: Sói Tiên Tri → Sói Tiên Tri  //  Trí: Dân Làng → Dân Làng  //  Lan Nè: Kẻ Gây Rối → Kẻ Gây Rối  //  Đại Chúa: Kẻ Trộm → Kẻ Trộm
Ma Sói Cổ Điển	Phase UI	Xem vai	http://localhost:3000/debug-wolf-classic?phase=card_reveal	Màn lật vai đầu ván.	8 người chơi, mình là Ma Sói. 3 người đã bấm OK.	Log đêm chỉ hiện ở phase Kết quả.	Lá bài úp, kéo mở. Nút OK.
Ma Sói Cổ Điển	Phase UI	Ban đêm	http://localhost:3000/debug-wolf-classic?phase=night	Lượt Ma Sói: panel Bầy Sói + chọn nạn nhân.	Mình và Yun là sói, cả hai đang chọn Ngọc.	Log đêm chỉ hiện ở phase Kết quả.	Hiện "BẦY SÓI: Khánh, Yun" và danh sách nạn nhân. Sói thấy lựa chọn của nhau.
Ma Sói Cổ Điển	Phase UI	Thông báo ban đêm	http://localhost:3000/debug-wolf-classic?phase=night_review	Màn công bố người chết sau đêm.	Đêm 2, Ngọc chết.	Log đêm chỉ hiện ở phase Kết quả.	Dòng "Ngọc đã chết" phải là pill bo tròn có padding, KHÔNG dính sát chữ.
Ma Sói Cổ Điển	Phase UI	Kết quả bỏ phiếu	http://localhost:3000/debug-wolf-classic?phase=day_review	Màn công bố kết quả treo cổ ban ngày.	Ngày 2, Lan Nè bị treo cổ với 3 phiếu.	Log đêm chỉ hiện ở phase Kết quả.	Bảng ai vote ai + dòng "Lan Nè bị treo cổ" dạng pill có padding.
Ma Sói Cổ Điển	Phase UI	Thảo luận	http://localhost:3000/debug-wolf-classic?phase=discussion	Panel "Vai trò trong ván" của bản cổ điển.	Deck 6 role: Bảo Vệ, Ma Sói x2, Tiên Tri, Phù Thuỷ, Thợ Săn, Dân Làng x2.	Log đêm chỉ hiện ở phase Kết quả.	Role xếp theo thứ tự lượt đêm: Bảo Vệ → Ma Sói → Tiên Tri → Phù Thuỷ → Thợ Săn → Dân Làng.
Ma Sói Cổ Điển	Phase UI	Bỏ phiếu	http://localhost:3000/debug-wolf-classic?phase=voting	Màn bỏ phiếu ban ngày.	2 người đã vote, mình chưa.	Log đêm chỉ hiện ở phase Kết quả.	Danh sách người còn sống để vote.
Ma Sói Cổ Điển	Phase UI	Kết quả	http://localhost:3000/debug-wolf-classic?phase=result	Màn tổng kết + lịch sử từng đêm.	Phe Ma Sói thắng, 4 người đã chết.	Log đêm chỉ hiện ở phase Kết quả.	Băng công bố phe thắng phải có padding trên/dưới. Bảng lịch sử đêm 1 đầy đủ.